FROM,TO
/ovg_ConcCal,/calibration-gas-generator/concentration-calculator
/ovg_FAQ,/calibration-gas-generator/faq
/ovg_FTIR,/calibration-gas-generator/ftir-standards
/ovg-corrosion-testing,/calibration-gas-generator/ovg/corrosion-testing
/ovg_CWX,/calibration-gas-generator/ovg/cwx-explosive-standards
/ovg-calibration-gas-generator,/calibration-gas-generator/ovg
/ovg_presentation,/calibration-gas-generator/ovg/presentation
/ovg_spec,/calibration-gas-generator/ovg/specifications
/v-ovg-calibration-gas-generator,/calibration-gas-generator/v-ovg
/aboutus,/company/aboutus
/vacancies,/company/careers/vacancies
/careers,/company/careers
/contactus,/company/contactus
/investor,/company/investor
/management,/company/management
/consumer,/company/markets/consumer
/industrial,/company/markets/continuous-emissions-monitoring
/defense,/company/markets/defense
/environmental,/company/markets/environmental
/industrial_1,/company/markets/industrial-health-and-safety
/industrial_2,/company/markets/industrial-process-control
/markets,/company/markets
/medical,/company/markets/medical
/milestones,/company/milestones
/news/2004/patents,/company/news/2004/patents
/news/2004/testing,/company/news/2004/testing
/news/2005/research-team,/company/news/2005/research-team
/news/2005/scientist-recruitment,/company/news/2005/scientist-recruitment
/news/2006/bret-bader,/company/news/2006/bret-bader
/news/2006/mark-brennan,/company/news/2006/mark-brennan
/news/2006/new-product,/company/news/2006/new-product
/news/2006/nine-patents,/company/news/2006/nine-patents
/news/2006/purchase-order-tourist,/company/news/2006/purchase-order-tourist
/news/2006/purchase-order,/company/news/2006/purchase-order
/news/2006/sales-climb,/company/news/2006/sales-climb
/news/2006/sbir-us-air-force,/company/news/2006/sbir-us-air-force
/news/2007/iso9001,/company/news/2007/iso9001
/news/2007/kidde-lonestar,/company/news/2007/kidde-lonestar
/news/2007/lonestar-launch,/company/news/2007/lonestar-launch
/news/2007/new-contract,/company/news/2007/new-contract
/news/2007/ovg-launch,/company/news/2007/ovg-launch
/news/2007/repeat-order,/company/news/2007/repeat-order
/news/2007/sbir-grant,/company/news/2007/sbir-grant
/news/2007/us-patent-chemical-detection,/company/news/2007/us-patent-chemical-detection
/news/2008/avna-shareholder-letter,/company/news/2008/avna-shareholder-letter
/news/2008/selex-galileo,/company/news/2008/selex-galileo
/news/2009/agilent,/company/news/2009/agilent
/news/2009/alphasense,/company/news/2009/alphasense
/news/2009/crowcon,/company/news/2009/crowcon
/news/2009/finalist-sensor,/company/news/2009/finalist-sensor
/news/2009/new-office,/company/news/2009/new-office
/news/2009/pharmaceutical-order,/company/news/2009/pharmaceutical-order
/news/2009/selex-contract,/company/news/2009/selex-contract
/news/2009/two-additional-patents,/company/news/2009/two-additional-patents
/news/2009/us-dod-contract-option,/company/news/2009/us-dod-contract-option
/news/2010/monovoukas,/company/news/2010/monovoukas
/news/2010/r-and-d-award,/company/news/2010/r-and-d-award
/news/2010/selex,/company/news/2010/selex
/news/2011/job-opportunities,/company/news/2011/job-opportunities
/news/2012/acs-national-meeting-philadelphia,/company/news/2012/acs-national-meeting-philadelphia
/news/2012/ashley-wilks-presenting-isims-2012-florida,/company/news/2012/ashley-wilks-presenting-isims-2012-florida
/news/2012/crude-analyzer-announcement,/company/news/2012/crude-analyzer-announcement
/news/2012/lonestar-training-course,/company/news/2012/lonestar-training-course
/news/2012/owlstone-gulf-coast-conference,/company/news/2012/owlstone-gulf-coast-conference
/inthenews,/company/news/in-the-news
/news,/company/news
/safe-harbor,/company/safe-harbor
/site-disclaimer,/company/site-disclaimer
/faims,/faims/benefits
/technology,/faims
/faq,/faims/faq
/nickel_affinity_video,/faims/nickel-affinity-video
/lonestar_OEM,/faims/oem
/UV_gases_video,/faims/uv-gases-video
/dynamic-methods-humidity-generation,/humidity/dynamic-methods-humidity-generation
/humidity-equations,/humidity/equations
/humidity-fundamentals,/humidity/fundamentals
/humidity-generation-and-humidity-measurement,/humidity/generation-measurement
/humidity-measurement-methods,/humidity/measurement-methods
/ohg-humidity-generator,/humidity/ohg
/static-methods-humidity-generation,/humidity/static-methods-generation
/line-crude-quality-monitoring-lonestar,/lonestar/apps/crude-quality-monitoring
/lonestar_4methylimidazole,/lonestar/apps/detect-4methylimidazole
/lonestar-biogenic-amines-detection,/lonestar/apps/detect-biogenic-amines
/lonestar_benzenetoluene,/lonestar/apps/detect-btex-benzene-toluene
/dimethyl-sulfate-gas-detection-using-lonestar,/lonestar/apps/detect-dimethyl-sulfate
/lonestar-detects-geosmin-and-fuel-in-water,/lonestar/apps/detect-geosmin-and-fuel-in-water
/lonestar-analyzes-h2s-scavengers-crude-oil,/lonestar/apps/detect-h2s-scavengers-crude-oil
/lonestar_melamine,/lonestar/apps/detect-melamine
/detection-metaldehyde-water-using-lonestar,/lonestar/apps/detect-metaldehyde-water
/tribromoanisole-detection-lonestar,/lonestar/apps/detect-tribromoanisole
/faims-analysis-identification-and-monitoring-disease,/lonestar/apps/faims-analysis-identification-and-monitoring-disease
/food-freshness-and-flavour-monitoring,/lonestar/apps/food-freshness-and-flavour-monitoring
/propofol-detection-lonestar,/lonestar/apps/monitor-propofol
/oil-assay-methanol-analysis,/lonestar/apps/oil-assay-methanol-analysis
/lonestar_residualsolvent,/lonestar/apps/pharmaceutical-residual-solvent
/lonestar-pharmaceutical-waste-water-monitoring,/lonestar/apps/pharmaceutical-waste-water-monitoring
/quality-control-spices-using-lonestar,/lonestar/apps/quality-control-spices
/rapid-screening-plastic-bottles-using-lonestar,/lonestar/apps/rapid-screening-plastic-bottles
/screening-and-age-monitoring-edible-oils,/lonestar/apps/screening-and-age-monitoring-edible-oils
/taint-detection-milk-lonestar,/lonestar/apps/taint-detection-milk
/validating-cip-processes-using-lonestar,/lonestar/apps/validating-cip-clean-in-place-processes
/lonestarcostsavingsvideo,/lonestar/cost-savings-video
/lonestar_distributor,/lonestar/distributor
/lonestar_downloads,/lonestar/downloads
/lonestar_easyspec,/lonestar/easyspec
/lonestar_feedback,/lonestar/feedback
/lonestar_gasdetect,/lonestar/gases-detected
/lonestar_RMA,/lonestar/rma
/lonestar_savingscalc,/lonestar/savings-calculator
/lonestar_spec,/lonestar/specifications
/lonestar_TouchConvert,/lonestar/touchconvert
/lonestar_tutorials,/lonestar/tutorials
/ovg_permeationtubekit,/permeation-tubes/make-your-own-permeation-tubes
/permeation-tube,/permeation-tubes
/lonestar_PIDplus,/pid-plus-gas-sensor
/Wilks-IJIMS-article,/ultrafaims/imsms-news/publications/characterization-ultra-high-field-ion-mobility-spectrometer
